date,DEU,ESP,FRA,GBR,ITA,DEU,ESP,FRA,GBR,ITA,cases,deaths
2020-01-21,,,,,,,,,,,1.0,0.0
2020-01-22,,,,,,,,,,,1.0,0.0
2020-01-23,,,,,,,,,,,1.0,0.0
2020-01-24,,,,,,,,,,,2.0,0.0
2020-01-25,,,,,,,,,,,3.0,0.0
2020-01-26,,,,,,,,,,,5.0,0.0
2020-01-27,,,,,,,,,,,5.0,0.0
2020-01-28,,,,,,,,,,,5.0,0.0
2020-01-29,,,,,,,,,,,5.0,0.0
2020-01-30,,,,,,,,,,,6.0,0.0
2020-01-31,,,,,,,,,,,7.0,0.0
2020-02-01,,,,,,,,,,,8.0,0.0
2020-02-02,8.0,1.0,6.0,2.0,3.0,0.0,0.0,0.0,0.0,0.0,11.0,0.0
2020-02-03,9.0,1.0,6.0,2.0,3.0,0.0,0.0,0.0,0.0,0.0,11.0,0.0
2020-02-04,11.0,1.0,6.0,2.0,3.0,0.0,0.0,0.0,0.0,0.0,11.0,0.0
2020-02-05,11.0,1.0,6.0,2.0,3.0,0.0,0.0,0.0,0.0,0.0,12.0,0.0
2020-02-06,11.0,1.0,6.0,2.0,3.0,0.0,0.0,0.0,0.0,0.0,12.0,0.0
2020-02-07,12.0,1.0,6.0,3.0,3.0,0.0,0.0,0.0,0.0,0.0,12.0,0.0
2020-02-08,13.0,1.0,11.0,3.0,3.0,0.0,0.0,0.0,0.0,0.0,12.0,0.0
2020-02-09,13.0,1.0,11.0,4.0,3.0,0.0,0.0,0.0,0.0,0.0,12.0,0.0
2020-02-10,13.0,2.0,11.0,4.0,3.0,0.0,0.0,0.0,0.0,0.0,13.0,0.0
2020-02-11,13.0,2.0,11.0,8.0,3.0,0.0,0.0,0.0,0.0,0.0,13.0,0.0
2020-02-12,15.0,2.0,11.0,8.0,3.0,0.0,0.0,0.0,0.0,0.0,14.0,0.0
2020-02-13,15.0,2.0,11.0,9.0,3.0,0.0,0.0,0.0,0.0,0.0,15.0,0.0
2020-02-14,15.0,2.0,11.0,9.0,3.0,0.0,0.0,0.0,0.0,0.0,15.0,0.0
2020-02-15,15.0,2.0,11.0,9.0,3.0,0.0,0.0,1.0,0.0,0.0,15.0,0.0
2020-02-16,15.0,2.0,11.0,9.0,3.0,0.0,0.0,1.0,0.0,0.0,15.0,0.0
2020-02-17,15.0,2.0,12.0,9.0,3.0,0.0,0.0,1.0,0.0,0.0,25.0,0.0
2020-02-18,15.0,2.0,12.0,9.0,3.0,0.0,0.0,1.0,0.0,0.0,25.0,0.0
2020-02-19,15.0,2.0,12.0,9.0,3.0,0.0,0.0,1.0,0.0,0.0,25.0,0.0
2020-02-20,15.0,2.0,12.0,9.0,3.0,0.0,0.0,1.0,0.0,0.0,27.0,0.0
2020-02-21,15.0,2.0,12.0,9.0,3.0,0.0,0.0,1.0,0.0,0.0,30.0,0.0
2020-02-22,15.0,2.0,12.0,9.0,17.0,0.0,0.0,1.0,0.0,0.0,30.0,0.0
2020-02-23,15.0,2.0,12.0,9.0,79.0,0.0,0.0,1.0,0.0,2.0,30.0,0.0
2020-02-24,15.0,2.0,12.0,13.0,132.0,0.0,0.0,1.0,0.0,2.0,43.0,0.0
2020-02-25,15.0,3.0,12.0,13.0,229.0,0.0,0.0,1.0,0.0,6.0,45.0,0.0
2020-02-26,17.0,9.0,14.0,13.0,322.0,0.0,0.0,1.0,0.0,11.0,60.0,0.0
2020-02-27,21.0,17.0,17.0,13.0,400.0,0.0,0.0,2.0,0.0,12.0,60.0,0.0
2020-02-28,47.0,35.0,38.0,16.0,650.0,0.0,0.0,2.0,0.0,17.0,65.0,0.0
2020-02-29,57.0,54.0,57.0,18.0,888.0,0.0,0.0,2.0,0.0,21.0,70.0,1.0
2020-03-01,111.0,82.0,100.0,23.0,1128.0,0.0,0.0,2.0,0.0,29.0,88.0,3.0
2020-03-02,129.0,136.0,130.0,36.0,1689.0,0.0,0.0,2.0,0.0,35.0,104.0,6.0
2020-03-03,157.0,192.0,178.0,40.0,2036.0,0.0,0.0,3.0,0.0,52.0,125.0,10.0
2020-03-04,196.0,267.0,212.0,51.0,2502.0,0.0,0.0,4.0,0.0,80.0,161.0,12.0
2020-03-05,262.0,348.0,285.0,85.0,3089.0,0.0,1.0,4.0,0.0,107.0,228.0,12.0
2020-03-06,400.0,531.0,423.0,115.0,3858.0,0.0,3.0,7.0,0.0,148.0,311.0,15.0
2020-03-07,684.0,764.0,613.0,163.0,4636.0,0.0,5.0,9.0,1.0,197.0,428.0,19.0
2020-03-08,847.0,1094.0,716.0,206.0,5883.0,0.0,5.0,10.0,2.0,233.0,547.0,22.0
2020-03-09,902.0,1527.0,1126.0,273.0,7375.0,0.0,5.0,19.0,2.0,366.0,748.0,26.0
2020-03-10,1139.0,2299.0,1412.0,321.0,9172.0,2.0,28.0,30.0,3.0,464.0,1018.0,31.0
2020-03-11,1296.0,3274.0,1784.0,373.0,10149.0,2.0,35.0,33.0,7.0,631.0,1263.0,37.0
2020-03-12,1567.0,4427.0,2281.0,456.0,12462.0,3.0,47.0,48.0,7.0,827.0,1668.0,43.0
2020-03-13,2369.0,5958.0,2876.0,590.0,15113.0,5.0,84.0,61.0,9.0,1016.0,2224.0,50.0
2020-03-14,3062.0,7641.0,3661.0,707.0,17660.0,5.0,121.0,79.0,10.0,1268.0,2898.0,60.0
2020-03-15,3795.0,9785.0,4499.0,1140.0,21157.0,8.0,136.0,91.0,28.0,1441.0,3600.0,68.0
2020-03-16,4838.0,11491.0,5423.0,1391.0,23980.0,12.0,288.0,127.0,43.0,1811.0,4507.0,91.0
2020-03-17,6012.0,13994.0,6633.0,1543.0,27980.0,13.0,309.0,148.0,65.0,2158.0,5906.0,117.0
2020-03-18,7156.0,17688.0,7730.0,1950.0,31506.0,13.0,491.0,175.0,81.0,2505.0,8350.0,162.0
2020-03-19,8198.0,21735.0,9134.0,2630.0,35713.0,13.0,598.0,244.0,115.0,2978.0,12393.0,212.0
2020-03-20,14138.0,26304.0,10995.0,3277.0,41035.0,43.0,767.0,372.0,158.0,3407.0,18003.0,277.0
2020-03-21,18187.0,31750.0,12612.0,3983.0,47021.0,45.0,1002.0,450.0,194.0,4032.0,24528.0,360.0
2020-03-22,21463.0,36616.0,14459.0,5018.0,53578.0,67.0,1326.0,562.0,250.0,4827.0,33066.0,458.0
2020-03-23,24774.0,41262.0,16018.0,5683.0,59138.0,94.0,1720.0,674.0,285.0,5476.0,43505.0,579.0
2020-03-24,29212.0,48953.0,19856.0,6650.0,63927.0,126.0,2182.0,860.0,359.0,6077.0,53929.0,774.0
2020-03-25,31554.0,57506.0,22302.0,8077.0,69176.0,149.0,2696.0,1100.0,508.0,6820.0,68535.0,1044.0
2020-03-26,36508.0,66460.0,25233.0,9529.0,74386.0,198.0,3434.0,1331.0,694.0,7505.0,85563.0,1350.0
2020-03-27,42288.0,75641.0,29155.0,11658.0,80539.0,253.0,4089.0,1696.0,877.0,8165.0,102835.0,1764.0
2020-03-28,48582.0,83885.0,32964.0,14543.0,86498.0,325.0,4858.0,1995.0,1161.0,9136.0,123730.0,2294.0
2020-03-29,52547.0,90309.0,37575.0,17089.0,92472.0,389.0,5690.0,2314.0,1455.0,10023.0,142405.0,2710.0
2020-03-30,57298.0,96122.0,40174.0,19522.0,97689.0,455.0,6528.0,2606.0,1669.0,10781.0,163872.0,3365.0
2020-03-31,61913.0,104267.0,44550.0,22141.0,101739.0,583.0,7340.0,3024.0,2043.0,11591.0,188424.0,4301.0
2020-04-01,67366.0,111680.0,52128.0,25150.0,105792.0,732.0,8189.0,3523.0,2425.0,12430.0,215175.0,5329.0
2020-04-02,73522.0,119263.0,56989.0,29474.0,110574.0,872.0,9053.0,4032.0,3095.0,13157.0,244635.0,6558.0
2020-04-03,79696.0,126535.0,59105.0,33718.0,115242.0,1017.0,10003.0,4503.0,3747.0,13917.0,277278.0,7918.0
2020-04-04,85778.0,133198.0,64338.0,38168.0,119827.0,1158.0,10935.0,6507.0,4461.0,14681.0,312518.0,9486.0
2020-04-05,91714.0,138731.0,68605.0,41903.0,124632.0,1342.0,11744.0,7560.0,5221.0,15362.0,337983.0,10852.0
2020-04-06,95391.0,142398.0,70478.0,47806.0,128948.0,1434.0,12418.0,8078.0,5865.0,15889.0,367598.0,12360.0
2020-04-07,99225.0,147607.0,74390.0,51608.0,132547.0,1607.0,13055.0,8911.0,6433.0,16525.0,399387.0,14614.0
2020-04-08,103228.0,153190.0,78167.0,55242.0,135586.0,1861.0,13798.0,10328.0,7471.0,17129.0,431212.0,16716.0
2020-04-09,108202.0,158935.0,82048.0,60733.0,139422.0,2107.0,14555.0,10869.0,8505.0,17669.0,465908.0,18821.0
2020-04-10,113525.0,163472.0,86334.0,65077.0,143626.0,2373.0,15238.0,12210.0,9608.0,18281.0,499378.0,21081.0
2020-04-11,117658.0,168022.0,90676.0,70272.0,147577.0,2544.0,15843.0,13197.0,10760.0,18851.0,531101.0,23164.0
2020-04-12,120479.0,171921.0,93790.0,78991.0,152271.0,2673.0,16353.0,13832.0,11599.0,19470.0,558244.0,24847.0
2020-04-13,123016.0,174951.0,95403.0,84279.0,156363.0,2799.0,16972.0,14393.0,12285.0,19901.0,584004.0,26611.0
2020-04-14,125098.0,178067.0,98076.0,88621.0,159516.0,2969.0,17489.0,14967.0,13029.0,20465.0,610686.0,29317.0
2020-04-15,127584.0,182491.0,103573.0,93873.0,162488.0,3254.0,18276.0,15729.0,14073.0,21069.0,640712.0,32069.0
2020-04-16,130450.0,186311.0,106206.0,98476.0,165155.0,3569.0,18893.0,17167.0,14915.0,21647.0,672320.0,34341.0
2020-04-17,133830.0,190129.0,108847.0,103093.0,168941.0,3868.0,19478.0,17920.0,15944.0,22172.0,703820.0,36706.0
2020-04-18,137439.0,193965.0,109252.0,108692.0,172434.0,4110.0,20043.0,18681.0,16879.0,22747.0,732209.0,38659.0
2020-04-19,139897.0,193252.0,111821.0,114217.0,175925.0,4294.0,20453.0,19323.0,17994.0,23227.0,757534.0,40179.0
2020-04-20,141672.0,195470.0,112606.0,120067.0,178972.0,4404.0,20852.0,19718.0,18492.0,23660.0,784858.0,42016.0
2020-04-21,143457.0,198421.0,114657.0,124743.0,181228.0,4598.0,21282.0,20265.0,19051.0,24114.0,810350.0,44688.0
2020-04-22,145694.0,200733.0,117324.0,129044.0,183957.0,4879.0,21717.0,20796.0,20223.0,24648.0,839130.0,47058.0
2020-04-23,148046.0,203649.0,119151.0,133495.0,187327.0,5094.0,22157.0,21340.0,21060.0,25085.0,872950.0,49228.0
2020-04-24,150383.0,205763.0,120804.0,138078.0,189973.0,5321.0,22524.0,21856.0,21787.0,25549.0,909687.0,51360.0
2020-04-25,152438.0,208269.0,122577.0,143464.0,192994.0,5500.0,22902.0,22245.0,22792.0,25969.0,943963.0,53322.0
2020-04-26,154175.0,209910.0,124114.0,148377.0,195351.0,5640.0,23190.0,22614.0,23635.0,26384.0,970572.0,54580.0
2020-04-27,155193.0,211570.0,124575.0,152840.0,197675.0,5750.0,23190.0,22856.0,24055.0,26644.0,993747.0,56022.0
2020-04-28,156337.0,213095.0,125770.0,157149.0,199414.0,5913.0,23822.0,23293.0,24393.0,26977.0,1018399.0,58416.0
2020-04-29,157641.0,213942.0,126835.0,161145.0,201505.0,6115.0,24275.0,23660.0,25302.0,27359.0,1045102.0,60930.0
2020-04-30,159119.0,215183.0,128442.0,165221.0,203591.0,6288.0,24543.0,24087.0,26097.0,27682.0,1075517.0,63140.0
2020-05-01,159119.0,216570.0,129581.0,171253.0,205463.0,6288.0,24824.0,24376.0,26771.0,27967.0,1109476.0,64902.0
2020-05-02,161703.0,217804.0,130185.0,177454.0,207428.0,6575.0,25100.0,24594.0,27510.0,28236.0,1138944.0,66485.0
2020-05-03,162496.0,218739.0,130979.0,182260.0,209328.0,6649.0,25264.0,24760.0,28131.0,28710.0,1165013.0,67816.0
2020-05-04,163175.0,219205.0,131287.0,186599.0,210717.0,6692.0,25428.0,24895.0,28446.0,28884.0,1186965.0,68905.0
2020-05-05,163860.0,220244.0,131863.0,190584.0,211938.0,6831.0,25613.0,25201.0,28734.0,29079.0,1210669.0,71139.0
2020-05-06,164897.0,221124.0,132967.0,194990.0,213013.0,6996.0,25857.0,25531.0,29427.0,29315.0,1235174.0,73847.0
2020-05-07,166091.0,222045.0,137150.0,201201.0,214457.0,7119.0,26070.0,25809.0,30076.0,29684.0,1263668.0,75805.0
2020-05-08,167300.0,223218.0,137779.0,206715.0,215858.0,7266.0,26251.0,25987.0,30615.0,29958.0,1291329.0,77380.0
2020-05-09,168551.0,223961.0,138421.0,211364.0,217185.0,7369.0,26478.0,26230.0,31241.0,30201.0,1316167.0,78834.0
2020-05-10,169218.0,227377.0,138854.0,215260.0,218268.0,7395.0,26621.0,26310.0,31587.0,30395.0,1336478.0,79765.0
2020-05-11,169575.0,227770.0,139063.0,219183.0,219070.0,7417.0,26744.0,26380.0,31855.0,30560.0,1354096.0,80747.0
2020-05-12,170508.0,228252.0,139519.0,223060.0,219814.0,7533.0,26920.0,26643.0,32065.0,30739.0,1376388.0,82400.0
2020-05-13,171306.0,228691.0,140227.0,226463.0,221216.0,7634.0,27104.0,26991.0,32692.0,30911.0,1397520.0,84168.0
2020-05-14,172239.0,229540.0,140734.0,229705.0,222104.0,7723.0,27321.0,27074.0,33186.0,31106.0,1424474.0,85906.0
2020-05-15,173152.0,230183.0,141356.0,233151.0,223096.0,7824.0,27459.0,27425.0,33614.0,31368.0,1450700.0,87499.0
2020-05-16,173772.0,230698.0,141919.0,236711.0,223885.0,7881.0,27563.0,27555.0,33998.0,31610.0,1474351.0,88724.0
2020-05-17,174355.0,231350.0,142291.0,240161.0,224760.0,7914.0,27650.0,27643.0,34466.0,31763.0,1493350.0,89568.0
2020-05-18,174697.0,231606.0,142411.0,243695.0,225435.0,7935.0,27709.0,27711.0,34636.0,31908.0,1515177.0,90414.0
2020-05-19,175210.0,232037.0,142903.0,246406.0,225886.0,8007.0,27778.0,27897.0,34796.0,32007.0,1536129.0,91934.0
2020-05-20,176007.0,232555.0,143427.0,248818.0,226699.0,8090.0,27888.0,28022.0,35341.0,32169.0,1559189.0,93411.0
2020-05-21,176752.0,233037.0,143845.0,248293.0,227364.0,8147.0,27940.0,28132.0,35704.0,32330.0,1584826.0,94721.0
2020-05-22,177212.0,234824.0,144163.0,250908.0,228006.0,8174.0,28628.0,28215.0,36042.0,32486.0,1608710.0,96010.0
2020-05-23,177850.0,235290.0,144566.0,254195.0,228658.0,8216.0,28678.0,28289.0,36393.0,32616.0,1630912.0,97060.0
2020-05-24,178281.0,235772.0,144806.0,257154.0,229327.0,8247.0,28752.0,28332.0,36675.0,32735.0,1651004.0,97680.0
2020-05-25,178570.0,235400.0,144921.0,259559.0,229858.0,8257.0,26834.0,28367.0,36793.0,32785.0,1670101.0,98190.0
2020-05-26,179002.0,236259.0,145279.0,261184.0,230158.0,8302.0,27117.0,28432.0,36914.0,32877.0,1688990.0,98937.0
2020-05-27,179364.0,236769.0,145555.0,265227.0,230555.0,8349.0,27118.0,28530.0,37048.0,32955.0,1707729.0,100422.0
2020-05-28,179717.0,237906.0,145746.0,267240.0,231139.0,8411.0,27119.0,28596.0,37460.0,33072.0,1730191.0,101622.0
2020-05-29,180458.0,238564.0,149071.0,269127.0,231732.0,8450.0,27121.0,28662.0,37837.0,33142.0,1754735.0,102812.0
2020-05-30,181196.0,239228.0,149668.0,271222.0,232248.0,8489.0,27125.0,28714.0,38161.0,33229.0,1778130.0,103775.0
2020-05-31,181482.0,239429.0,151496.0,272826.0,232664.0,8500.0,27127.0,28771.0,38376.0,33340.0,1798764.0,104379.0
2020-06-01,181815.0,239638.0,151753.0,274762.0,233019.0,8511.0,27127.0,28802.0,38489.0,33415.0,1820658.0,105113.0
2020-06-02,182028.0,239932.0,152091.0,276332.0,233197.0,8522.0,27127.0,28833.0,39045.0,33475.0,1841442.0,106195.0
2020-06-03,182370.0,240326.0,151325.0,277985.0,233515.0,8551.0,27128.0,28940.0,39369.0,33530.0,1861419.0,107184.0
2020-06-04,182764.0,240660.0,151677.0,279856.0,233836.0,8581.0,27133.0,29021.0,39728.0,33601.0,1883031.0,108192.0
2020-06-05,183271.0,240978.0,152444.0,281661.0,234013.0,8613.0,27134.0,29065.0,39904.0,33689.0,1911723.0,109304.0
2020-06-06,183678.0,241310.0,153055.0,283311.0,234531.0,8646.0,27135.0,29111.0,40261.0,33774.0,1934201.0,110032.0
2020-06-07,183979.0,,153634.0,284868.0,234801.0,8668.0,,29142.0,40465.0,33846.0,,
